initial_velocity,launch_angle,atmospheric_conditions,trajectory_optimization
2498.16047538945,16.66196359547577,0.26170568373590597,1358.4324393868558
4802.857225639665,48.77108526405223,0.24697879907199982,2472.9081227102197
3927.9757672456203,78.56512522887675,0.9062545805210367,2048.1484664466852
3394.6339367881465,65.9002397768605,0.2495461998495061,1573.926399849377
1624.0745617697462,72.59050330753047,0.271949726128631,947.7769750576321
1623.9780813448106,59.29050300396456,0.7593982624179637,850.0481342228255
1232.3344486727979,62.30489080660672,0.44973984245054,591.745462557345
4464.704583099741,76.42760864087873,0.7767105569551812,2262.0543310679673
3404.4600469728352,22.470120797326736,0.06536615756438524,1529.1070609718074
3832.290311184182,44.04824672788264,0.4875711936733843,1965.8688432051017
1082.33797718321,19.908849763764202,0.03361360018328263,442.21696908616894
4879.639408647978,88.89012071969823,0.06265320345535452,2322.3369652039205
4329.770563201687,84.9653405717952,0.906437453344411,2029.733074838748
1849.3564427131046,3.548413023165531,0.13924537111759516,1036.6706659972897
1727.2998688284024,63.50176552641196,0.5324206822752171,813.4771902184323
1733.6180394137352,83.27234856740992,0.41109560260070654,1036.8773699722597
2216.968971838151,16.25178106146002,0.3473433262588427,1058.1894301587636
3099.0257265289515,51.11507074973665,0.8998333456872725,1389.090064989697
2727.780074568463,82.39394678292376,0.0218233967754895,1268.7185649856278
2164.9165607921677,3.0551380727218955,0.6637896861755891,1206.7168489799396
3447.411578889518,62.767824052215595,0.9633944342135504,1720.7658759049566
1557.9754426081672,26.76141066352957,0.5601681834618419,729.5672906060756
2168.5785941408726,83.19565758388774,0.9368224620330918,1117.0239334186958
2465.4473731747667,87.39524206488309,0.05225787928602377,1300.386234405043
2824.2799368681435,84.98398402020905,0.4187933190741614,1540.9185261602672
4140.703845572054,42.67927949917174,0.26015779096205116,2223.76371745425
1798.6951286334388,77.58383858903821,0.7308209649807298,878.9605495521165
3056.9377536544466,76.00944586815633,0.9812970904972467,1411.1641271017006
3369.6582754481697,28.719042591893007,0.2565300624442478,1649.2520831363802
1185.8016508799908,74.60239267356096,0.6541746014740745,633.9147720931436
3430.1794076057536,3.330687124394336,0.19809763275974013,1619.3997583699706
1682.0964947491661,53.66428906338477,0.5653302545716099,756.1225467232128
1260.206371941118,20.700795355893273,0.4639324866883362,668.6685264453951
4795.542149013333,10.851019719955094,0.9720053296315371,2395.173243826576
4862.528132298237,6.925788146628824,0.6085272726964666,2435.989776046873
4233.589392465845,62.665989829032576,0.3495063720868188,2053.513311365931
2218.4550766934826,30.588746739125952,0.11409578488793337,1092.3166258524786
1390.6884560255355,65.22900943758853,0.15124682873493456,615.9818401563285
3736.9321060486277,5.882070671904813,0.2253169299512351,1958.6848399641685
2760.6099749584055,28.37613040475493,0.250966661340298,1489.530243698663
1488.1529393791152,48.55421631378035,0.8506160578411378,569.2535883342883
2980.707640445081,71.16508483550672,0.5612227882825249,1411.691873449229
1137.5540844608736,28.687725263886293,0.5233909113743664,424.9140008653436
4637.281608315128,56.330223879330816,0.11476887186921747,2264.915932379927
2035.1199264000677,79.73799734125684,0.860139693349435,1025.249779658584
3650.089137415928,55.42768693640741,0.7228143032084837,1691.2378655557131
2246.8443043576435,20.96635272782704,0.06766836190000158,1035.436208248046
3080.272084711243,2.196070340088422,0.7078350972297687,1440.2503027252124
3186.841117373119,78.3088986510837,0.5435382173426461,1629.863425178405
1739.4178221021082,1.9142469765348424,0.08172534574677826,877.0343666845607
4878.338511058235,78.72315054157795,0.45830064152865646,2382.7859603678608
4100.531293444458,47.60434206244908,0.484696287130047,2077.517071977372
4757.995766256756,84.51609286616066,0.16577454016327575,2341.2496706969
4579.309401710596,71.89049121962988,0.9456981470002823,2276.961857881319
3391.5999152443405,89.81406994800037,0.8499753714806619,1881.1929781787721
4687.496940092467,31.564063390653914,0.6690223373291083,2484.174290137132
1353.970008207678,69.04694600380142,0.4622955610006072,560.8824991679396
1783.9314496765808,36.1737822248318,0.4117655415845085,982.2148996253327
1180.9091556421522,43.18880582735179,0.6509734671509542,680.2970917824208
2301.3213230530573,56.47549168965331,0.5454318694069055,1047.1839741761382
2554.709158757928,78.63094027677049,0.062273105881885615,1374.9647591203923
2085.3961270955833,88.56751222793656,0.5125026487703317,1214.2560080995113
4314.950036607717,69.14460724780663,0.8064036172328395,2059.130099490702
2427.0133067743573,37.59901039506004,0.45923987759695806,1129.322097352524
2123.738038749523,37.922130204936316,0.05195657755426841,1171.2247877578543
3170.784332632994,66.38240714300024,0.7862781993840331,1625.8968066476002
1563.6968998990505,21.48994311914721,0.2013637821359744,841.3142024755207
4208.787923016159,9.94267018182552,0.2586208348880388,2140.467279267983
1298.2025747190833,31.915994187669888,0.1647063534322959,694.5705489252333
4947.54774640207,25.851509248867355,0.33021506487149754,2346.329983726187
4088.9790771866296,26.66773084103911,0.756751505688635,2154.630530574236
1794.8627261366896,21.024697594491894,0.5193858595039373,1018.647240415971
1022.0884684944097,3.7883870672725695,0.20488127415071256,488.8833253812717
4261.845713819337,1.608654126007243,0.8778300781520408,2126.984675761299
3827.4293753904685,88.89501507624284,0.8795818549515292,1778.4708986404057
3916.028672163949,38.49958203622761,0.8705784250460069,2017.2267859335084
4085.081386743783,34.58939824437135,0.23879621138153928,2106.6881968133184
1296.1786069363616,61.168255442376285,0.4512393441809881,654.1489767911431
2433.8629141770907,19.642849907855776,0.9849896561408751,1333.3938620227807
1463.476238100519,85.49650655552028,0.7720124763099904,715.5068985110004
4452.413703502374,70.77105129739968,0.027167421225559818,2296.82437134215
3493.1925073102316,8.046990208103356,0.06520459126049205,1646.2457382866507
2323.592099410597,37.58226982064355,0.46393137681233276,1167.0036817196844
1254.2334011440946,79.12064768059483,0.9092202058615602,625.5963263384689
2243.929286862649,85.02588200622692,0.5387017979527142,1161.5544822164593
2300.733288106988,42.06613601248827,0.4978125080342902,1121.876959623459
3918.4247133522563,55.20702502896369,0.10547369995663058,1957.1170494847497
3550.2298854208525,15.03305514828677,0.656780104724294,1860.7919488947066
4548.850970305306,89.20517635232788,0.8221031606002255,2248.6723070153566
2888.859700647797,20.850453124509905,0.38042000750756233,1287.9802728756833
1478.3769837532068,84.84585967216131,0.7756118509253275,931.1936154166702
3852.97914889198,58.46819840931316,0.9644766539008116,2076.425069662291
4043.14019446759,54.69631153909732,0.2037664591276891,1903.3034666769654
3245.108790277985,46.141965991485776,0.5233296311947413,1700.8059018249285
4083.868719818244,20.760283054598283,0.28713795808457554,1995.8176532607156
2975.182385457563,15.887522880495744,0.7928544190338394,1517.1967042798901
3090.9313175279763,19.84375881631578,0.5775933658811575,1578.9145827651887
2710.1640734341986,16.779443592982908,0.6345824175503038,1335.060603645819
1101.6765069763808,70.16260262100779,0.7979141596158941,486.57399886971393
1431.5657079732177,31.51127332500571,0.3959704726624549,653.0706004672503
1125.716742746937,5.205840890705673,0.9150900684070432,472.37185701032604
3545.6416450551214,87.21923671267302,0.53302886724614,1707.1357519337755
2257.4239243053066,79.54072964670831,0.157954822835348,1137.9180745593428
3034.282764658811,83.49770548756916,0.6958991181688025,1462.3345144276611
4630.265895704372,89.54170403817918,0.7932613504382544,2401.3258213661275
1997.1689165955,15.650572429753856,0.31676167706752667,1150.4708644850002
2641.531692142519,35.661781701239285,0.857179256998753,1269.9785962002031
4022.2045541721945,68.24146281336822,0.9061432547657664,2048.781634027785
1915.1926619664898,62.6418556248413,0.2769044873778089,1020.1209035872442
1307.919639315172,13.850631570586955,0.9835214727152221,704.0285252109023
2159.005811655072,73.42498124915559,0.14071152804875842,1101.797500021781
1644.8851490160177,20.19965146529946,0.20201566840248997,900.7709482038813
4718.790609370292,20.14358533403608,0.18422483923802613,2411.6673395039425
4232.481518257668,48.32769806040722,0.8939897100078704,2002.229455479186
3533.615026041694,53.364594135753286,0.6542925523249619,1864.4614675421574
4485.84236075087,52.20775870540301,0.15210428322227287,2342.107026271512
4214.688307596458,8.233815365797938,0.440323418368349,2032.7063387953672
1746.2802355441434,78.97147763673424,0.615298025069802,892.7897266466857
4570.235993959911,23.904003832983545,0.08346408498938329,2358.2400434361584
3157.3689676626027,11.656342915452376,0.8824163684073387,1560.1726120932963
4229.7606206562505,79.98732718820794,0.8036035354415352,2238.255940895912
4584.365199693973,86.0086348406778,0.5052067735766382,2545.822096954416
2272.0138998874554,77.59148555389055,0.9671266152591704,1073.0233564525336
1440.207698110707,72.85644672523902,0.4177609792750997,596.6124541829513
1911.7406501677667,58.97177825751196,0.9841103190364978,998.144951327777
2708.431154505025,49.57716335482254,0.6679199988036271,1436.3540524359717
4272.059063689972,7.828808392026913,0.6346712732539415,2114.5721232662404
4442.9223330253735,36.760789176362884,0.165954895295785,2374.1559861695923
1027.8085221247627,33.54196653110826,0.881927758304644,386.8402671721086
3042.989210310263,23.377840538429357,0.42748968792061515,1595.5047845347704
2669.644012595116,65.10781023197265,0.16223340578247936,1287.2737096086414
1888.4312418829209,44.628816157089375,0.01260751997575904,1125.0804355456057
1479.4614693347312,7.294159431688314,0.5597556836383826,940.4970774388789
2350.460685614512,19.81648817548302,0.5273996221226763,1102.58072162623
4771.638815650076,61.493288729363634,0.7193536223691586,2343.23428734229
2292.811728083021,6.851777354127017,0.8902580530178021,1233.824034015618
3075.162486973464,76.60862226438918,0.07940658464302952,1514.1978436191228
3812.0758355807116,44.56318743125769,0.7314964903403623,1910.4825831324176
2454.518409517176,43.25279195939832,0.18741194409758222,1238.4673463991187
4887.128330883843,53.31670061935658,0.858177053157164,2262.346007651343
4849.789179768445,74.22128693326343,0.8190635138616561,2438.436979012838
2007.1291833014566,31.302828711197375,0.5407937549855444,940.906459362049
2988.9940235695417,61.02145373031572,0.7102427986233115,1457.4600445707192
2203.5132392670785,50.9158767596212,0.3143501131837484,1256.3344303436634
2139.3619775098705,24.032544315247918,0.47116789893281463,948.8839249799527
1147.5477894181313,79.07669877196422,0.8216368977104717,670.9919168280273
3438.2573359195876,71.76834194462353,0.4592651971732139,1705.631969835255
3010.716092915446,59.26066511925829,0.3577982653254418,1489.2699424585237
1205.9150049999573,76.55235561848177,0.4942124472502999,697.3545844735713
2114.585856946446,78.05647808638221,0.8282492524372184,1106.9921784726323
4633.063543866615,63.75266790435313,0.33520804737087273,2386.3771260408685
1958.2475626678897,75.33119955273048,0.1737615931357438,1091.0258634570907
1579.5794883648923,62.77243155023553,0.7120140203307808,769.2845935761941
2957.811041110252,61.21266945842704,0.8259782127080818,1430.006978817307
4942.601816442402,55.67502403936659,0.10063747852353333,2373.9309241211467
1968.2210860460018,67.74449756018771,0.23987411275594472,915.1423769484186
3688.5421896235143,14.274459476376633,0.1419719897609939,2142.049626436881
4046.4784613148704,79.27836832790356,0.3479414115821666,2163.597656537853
1950.5501759695985,78.46591749707088,0.45035097890541265,855.9058699613018
3912.865394447438,2.632255473110323,0.7488263369633065,1824.7882352776803
2471.132530877013,74.32350755082864,0.6511475848816741,1298.6826878790096
3529.223322374318,11.598288072610067,0.6209285674784312,1821.7198913962252
3534.1188430435786,30.16069688332277,0.3523749466096544,1828.0151819248515
3143.098736299034,66.9157430662447,0.8414475530847599,1559.5210821627047
1361.1590802176333,14.468390644347739,0.47128716739816456,670.974920954136
4341.2099823569515,73.6170321707156,0.9791049380151545,2218.214260522356
2283.120259886943,74.89207601619677,0.6341421382957368,1165.1912599898737
1746.074041599417,45.67209603847526,0.12626474156450274,660.2540292068064
1163.1005662190557,0.5747284545150222,0.676177562075434,558.7528834991191
3363.5717727529673,25.833431985742152,0.325104015431699,1601.844439749144
3710.2574473691297,55.5234226538168,0.6863271966860974,1883.8231828258479
1066.3513157114246,88.30675602246811,0.06964114816240574,849.3698734353632
3048.372233197124,56.86321743150015,0.1748814371759594,1572.32441477601
1905.983100791752,23.382322295774383,0.8557372589057863,926.4006199636816
3580.6911616377993,57.06051327896502,0.2271795570235149,1893.9605516281201
1697.4657160199658,48.59868417442699,0.83704112524294,906.805087678314
3763.7509524098637,70.18608556360293,0.27927608845441043,1937.9500699716818
2546.94138520215,9.628257494426256,0.6428819100587077,1336.145691612533
4746.919954946938,68.49251122518253,0.694150573509831,2592.8822512588104
1550.0837765839728,48.71399208084993,0.5126547531450529,671.7471086508793
2364.265404201034,86.66928034730952,0.3053106766967313,1246.8602969187941
1453.8940849623564,30.76849494348175,0.21264437637109612,640.4838929093578
4698.774473114251,56.93597038205533,0.03318935456242622,2416.329014203218
4509.357413523924,83.88252949590157,0.3039464012407238,2179.616956152657
2031.7665108606225,9.225875519161132,0.653162790531283,976.0570654526882
3639.9361841367163,84.3505638512806,0.9383048184484827,1807.4230438966686
4268.888800804863,61.9097150070732,0.871204482263052,2244.4951357865434
3220.8032463978493,6.105335319465471,0.7660647765353026,1703.5447411347127
3118.602313424026,27.086721025213464,0.7884473432532987,1440.2256080067423
1967.4091636018068,63.73548797807534,0.6649849034759953,1002.0115889868509
1372.4110712235968,6.061554132189453,0.260286857566003,616.4858896490757
4588.863031813307,52.39534141586459,0.9071950307058299,2179.150812625364
4601.672228653322,31.129475125766106,0.670732311905834,2285.4273775405677
3532.4058290930716,55.88239659907294,0.56044063098044,1746.5871590838665
2356.1191641948026,4.116783043126157,0.11098946921348107,1421.5656862875
2396.8382984506434,78.43831255371387,0.4470555438064254,1257.4474998265148
3903.8227154809574,87.61400722596572,0.4603582712019263,1831.7184449373685
4588.441039810308,87.19900697571224,0.86456360952267,2255.2693772441544
4548.345697060469,67.46866485686323,0.5466482201877885,2389.859575866566
4119.502183430495,11.707761611756878,0.38040054897040965,2270.9749613794884
3568.126584617151,68.24368763361203,0.9768003285106593,1639.211378644353
1336.5598599801954,2.212822481292136,0.11072059332631567,480.7411280317842
1646.514856378455,1.9911196376097529,0.4225484283119446,1010.7944244967589
4594.216754108316,29.124919723458714,0.04202467517140529,2341.8989812034574
3425.7162386383598,43.977887136419916,0.7399041207669304,1634.898413970904
1036.7882064665187,69.33666760270138,0.9180765521991506,585.816153021263
1405.8861714641284,61.49658389458547,0.28003732955048943,451.6956323422486
3654.007076432223,40.13124357390735,0.8583416767991209,1835.453171758289
1020.2463353848748,24.62639996534993,0.29221823046189777,547.8597867928622
1643.2322056699945,89.74120501419401,0.9107701616439152,932.0824348077834
3194.9351574663447,38.356317201237566,0.7539619035967839,1503.8246431345258
3767.580790770773,40.62483218967079,0.8049067768414386,1900.5645686413407
3607.8450380104023,14.726143907250226,0.0180065556004545,1714.3270858362525
1897.0772378422391,71.53285938749364,0.962810357074026,988.4798474017574
3848.7168853901435,62.43140032033398,0.7266709920703233,1847.382757622043
1948.9963499872001,19.869265150988436,0.3047510953861333,937.6924192173143
2301.598792637071,7.414294105425842,0.8293946648588469,1052.7836551270834
3985.9656204720964,61.24493718672418,0.28152119841492995,2070.3735739756003
3598.5315961888587,58.90600928530217,0.872753839566128,1896.979387001113
4396.893641976712,24.59335742983884,0.11258039041193701,2179.9146935176236
3630.4515692013733,85.57772060253693,0.7036859774607958,1836.2354968149427
3273.2344133418865,13.595210260281021,0.5406984766449103,1494.5311771073095
1374.6990713123698,38.91013209383417,0.09653447019544081,665.1735507212926
2470.863212237734,84.9254328150839,0.24189382825883898,1247.420420360535
2060.809470726902,37.775458523351006,0.01240403627731479,1300.0403765747465
1975.9585735163344,57.467335289767696,0.46876796546450583,888.3229280352509
4892.0422190097825,35.78349581665149,0.3012652607600004,2599.625659069541
2572.3908986670417,24.679368211380304,0.5983574842977588,1390.8770360708074
4568.186220708453,88.55798831638454,0.2972378077086172,2329.898072247288
3524.5545039890517,36.84006056835387,0.2999191115069847,1945.5373044388607
4179.2452141665935,80.4689283311221,0.7431931987316034,2143.0012593300808
3010.5483724207684,20.695914530197758,0.04814283597835345,1548.3341029668145
3307.6155385054362,19.1794233622575,0.9028949951919872,1652.4218781229345
2970.0707752754556,2.8020674596060227,0.8522638743911815,1608.037915758951
1780.971951192178,58.650014283829655,0.6678046832264065,1011.9296823022661
3889.8084610460214,33.1673709351385,0.5932215701073843,1889.029298117428
2123.089449763423,77.79224248556733,0.8923024981396522,945.2676841687621
1097.2638657258153,42.588891602240146,0.18533017952871444,536.8701804617428
3581.889183628671,87.13740851232495,0.07896916219082861,1728.376113993255
1708.4427176281956,16.697296413280903,0.2395101699095381,851.2323116522094
4761.8343374116575,78.17608511600497,0.7945782787001903,2520.375657025314
4815.71430801035,69.89371675125676,0.03467026672648332,2376.10919887342
4659.457560881794,69.38296601796468,0.5828068350834896,2339.381316196841
2480.6348010217775,76.03049053051988,0.9954375161913099,1261.4253158494516
1061.8264661154697,68.4921591848699,0.8556960938375394,629.5403227246211
4713.274250350902,56.359828946827385,0.5214456890435895,2143.27230213526
2712.7365932692574,11.812038991414882,0.06364090928664234,1298.0670390473106
4866.619276174679,2.9273561542126725,0.8313735143857098,2455.1066158975673
4854.4799083570115,82.87630630341182,0.5989785081772105,2563.883008932692
4412.03782186944,55.498528306866426,0.11493299705956683,2167.939865145179
2177.7955682783427,71.68835618785587,0.0938572848233562,915.5895705010374
2540.390914407701,43.3370116361295,0.9096268194365924,1340.9249668096338
4404.546686067428,10.557737006615502,0.6692002629380784,2140.915571578768
2267.6880206251108,11.26672129822954,0.8292867993167555,1017.2136173430969
1677.9709867443698,61.700875850607424,0.8789789002822673,788.9790274610123
3227.2050498334006,38.72753054095164,0.5717723520483222,1602.9526724945104
4744.619096643124,18.047225403030303,0.5174463517550413,2315.4962715835222
3784.119186699892,44.24350920672932,0.4304274103209902,1680.3947322224171
3280.24468035746,5.778804336762068,0.3169465877911193,1731.0164153935748
1388.705975083074,52.37742617229589,0.43459596085871177,832.3594364999542
3460.028906796679,24.20940639915879,0.7738796557301564,1800.085921777695
4960.215400417053,71.78031905734693,0.6019234310151316,2380.755389320616
1560.336060946096,27.93257630312164,0.8925232899548461,765.694644667916
3073.318609454947,40.969813417362104,0.4433800143791877,1544.2454738894378
4509.492287711822,1.0458485917290572,0.607089578718754,2314.89546148832
3963.074471016818,6.520219901510299,0.6313075530919887,2049.7384591158284
3788.062963981072,35.32442007660163,0.5916971623063255,1827.7381558442373
3809.936335948437,43.19449512454111,0.7026337730855163,1921.876886017791
2437.964604879021,54.001849330737336,0.23743346837480628,1275.5344561140198
2174.3673770579735,26.24963208383729,0.5123637775457907,1238.0670835381854
4237.444621914055,62.548369751388826,0.10422480280834767,2201.6930613700583
4240.453578716722,77.41101574702842,0.38451132764481255,2214.6531123780833
4468.289274320415,70.18658900040148,0.4876670686212644,2256.6133844600863
4652.962210225885,3.565694281352143,0.6522242595454725,2468.305380915518
3045.369595443751,43.24562525320461,0.9505310525862035,1572.405255473725
3006.0651787487986,9.443716057635738,0.6006510665483559,1418.872606675224
4193.180715867101,21.78405142762747,0.7435939161765598,2241.358524623213
3599.855723111061,88.79963339404318,0.5062660594952028,1887.528742094191
3807.8675090308134,12.82459886113619,0.6341040313763313,1862.2576825779233
4183.170677744404,44.899933810622045,0.07093221613377343,2052.623122116016
4560.021367270265,55.634016088630716,0.254391580841847,2320.8204805250193
2351.980627406143,63.221847348969355,0.3618530932051387,1234.9893480089443
2502.3318105597764,50.36838151382227,0.47249335500651357,1281.016057481274
1375.927759363476,0.8793762677265293,0.045648745502383736,719.2751871541221
3313.1205639846958,29.38151774195927,0.14002409755331768,1832.4463254081331
1143.7690951869683,46.59404790462403,0.2768143077913058,688.3853538286767
2862.3920725298403,7.907984923035002,0.9715326909010507,1451.9383456451196
3170.5785388303066,31.556423808826267,0.33134700710305076,1685.7647469543772
2146.1650085131378,2.9882797912229906,0.48204105811208253,970.4759739678707
3363.333042276043,7.0720647439518665,0.19609771273839294,1722.8932488527666
1122.0009997561976,35.72309485814365,0.6107800710757683,749.1368318301461
1149.3927549968575,11.944417863875431,0.2806832155159743,555.3087398535181
4290.402242638633,51.07867634354023,0.20699257843842678,2070.67416298396
2440.762565645052,62.05184722235391,0.5165726284459791,1167.634420670535
1508.242050607539,72.05280291981745,0.005505799160420821,659.5688327334103
3088.9730402192176,18.01352198203291,0.0076640326492253275,1469.61380009651
4079.9742123944434,15.073432403316279,0.21906880910185778,2005.9728896997922
1863.2841099873726,9.411105630096023,0.03672136250082114,792.9712463380914
3491.561903276001,57.278722458927305,0.10802575413069138,1758.8093321001593
1341.3898599750719,63.58281538382111,0.3388606493387516,773.6730965078988
1206.7268846744307,2.8427530343077834,0.8025856795798129,513.2366334973428
3125.418526272592,84.25910216193208,0.5720486433693008,1731.5466807971961
3162.540486440426,4.677415528632517,0.5126677259564164,1633.3362019512945
3549.719605992826,48.71667017709634,0.29348882320812164,1887.690544476559
3904.3653348906464,63.815446750582474,0.9317537194328164,1899.2554767821691
4903.408317850139,78.3872211371477,0.39701504123719167,2552.873827363284
3065.201393204781,64.2678238919185,0.08709276679577149,1436.2695806179227
2291.8258917649837,72.15552747628126,0.6170665161178013,1249.4305081130108
4180.744779074815,30.550517328852546,0.11383839347660141,2113.6778108218787
2083.329005048297,73.3342602371861,0.3452231428016921,1111.6909988843443
2755.8856828225444,7.210336174620763,0.5074119387178089,1261.876189277583
1313.8255253690638,80.53349904544748,0.8742225246851758,583.5999005184294
1101.40297366183,49.28331385383626,0.49354658034011867,620.3303260850546
4850.5936587117,73.55679929662443,0.7022587660316643,2345.2436146693585
4343.920482048823,40.70864560664701,0.9928168389990704,2226.5218810395527
3783.896824374792,57.92199256768725,0.13148911989798162,1766.8321789668987
2635.81177765708,47.37623948425019,0.2747315255195195,1412.2260311446087
1693.177280283383,65.84305695797987,0.3945760755976464,736.5443776639962
1625.7481706843441,7.346698382753062,0.42182817853883137,869.6156016045289
2000.9715926583813,5.431687559150742,0.41102107526554577,1064.1763293131473
3196.906658824482,22.23929106091318,0.9076110025565549,1533.3147668817217
3858.3836908002495,14.35902121018695,0.7140326444668564,1990.3377096150814
3640.789506870925,78.46052099329815,0.6079052140907037,1862.1918744888867
2119.7355877837713,19.72925886222399,0.3093727178627821,1009.9603973168429
4819.461122652776,87.82787302372182,0.8237903842212947,2326.5230465619334
3951.587666783074,30.320621259399616,0.9550605114849889,1785.6908945273076
3217.416210045603,16.390612411982936,0.8211982825502265,1647.0333520634224
3446.8829849374088,71.07286564282312,0.0015651051914729042,1581.1759449715826
2678.4002497111596,59.28369979507885,0.636401370183407,1360.654924895745
1990.9239580046299,44.837614480782506,0.051135381442100725,978.0897938283907
2423.890714605046,49.982719584386814,0.25760722033372185,1289.881939485253
4031.3844418574763,64.72816004450374,0.059524700347771686,1998.4392554586873
1057.5739545190236,20.560926719816884,0.6037954529493877,500.014763514061
1464.290562027665,89.67005244510678,0.6865899134926068,823.3350209230326
1184.010568087011,87.73138459321048,0.11448763806590512,643.0688126343659
1162.9152092758804,58.52931177122432,0.3838388830449795,624.8174465987674
4421.842336044028,17.958820583623062,0.456236508955542,2261.4853147704875
3814.6314375200946,61.220541818816216,0.3690530217609166,1766.039520105276
2896.695316349301,6.497856808125826,0.12102500048519305,1525.3382000350223
1391.3366426040059,2.758725198522546,0.4189477901874754,757.5088405220865
2966.463500467329,23.19145996600923,0.7511780478084181,1386.2768471739976
2893.887083122263,41.636066106538465,0.07100766453325547,1430.8698081814723
1692.8074796400606,78.14452548675425,0.08018001408190345,858.1099341560263
2735.4065969518924,65.44521627896772,0.3547712918359842,1367.37814042075
2594.018937589494,66.84358690799829,0.941725711618925,1343.8583554043619
3463.400392208866,38.29440010032678,0.668572646722914,1882.5626115722891
3540.374603470575,31.134149329226663,0.6786699566725648,1884.6586713640827
1181.2160390881781,33.393488668614246,0.36191999083786497,466.10098993375516
2498.450458505885,88.88846073624521,0.5936607912085384,1329.2692865099173
3503.4396628569457,3.6098272271234233,0.010131184027743378,1885.3361419458415
3012.545034320351,78.03283465102037,0.6360960464095422,1560.623545763941
4425.959364753289,52.080786771515406,0.9132869475762367,2332.5852109443017
3634.77452647578,39.47538772706314,0.6125734683448192,2026.5706427002137
1651.7377083257188,65.27318943736229,0.873698593466345,941.3818165203767
1282.2749896017194,43.80020472822326,0.7239730554660938,674.9007926162238
3569.6771128252626,78.60809142734945,0.12055841640369025,1905.081077948217
1106.0452421664872,81.06316776101326,0.9024533072858417,583.814283275864
3343.1023250938533,37.95488341861099,0.06644384435577488,1681.53908794358
4760.92096569983,24.914501751154642,0.5339674725477638,2350.3553563760274
3301.8967115035157,53.3115295734026,0.14213712379345766,1817.9662112620285
2552.679704826088,82.11270110550218,0.011706610730904066,1210.9206967010173
3573.1528737694125,18.95959701050999,0.422034260127639,1943.6473321806325
2833.0115619660664,56.06699252071345,0.29504070765415624,1477.7350959319785
3182.46715726374,56.84041980832685,0.486000493797603,1462.719645162721
4765.859235106101,65.98017201737528,0.5771998867345508,2432.948301244341
2544.410551203097,11.841091661453383,0.04373907230894736,1064.5752170759079
4844.762255295656,64.42424682138797,0.12300329512374564,2497.829079024722
4621.402567824255,81.81292685990769,0.5586423964504253,2415.642881822653
1783.1645391571858,16.171479798321776,0.34316735317265823,835.6152867083691
1277.4452035006618,21.378899243148986,0.729173487549448,655.4260685432738
1403.1120055097067,87.42555846374756,0.6522916485919397,914.5220869874906
1072.887302606199,16.28792574385408,0.8456043629899068,489.21112646197554
1377.7718430237137,76.89465840326213,0.6924928266692253,598.4433437695161
3732.0270936654274,44.30500708032313,0.42993107739014813,2023.0838816027772
1284.754593840916,22.250796696285935,0.6729666223944324,843.1534719750341
2275.902521175045,78.36749111452603,0.2753811742554185,1154.021864112638
4379.501243877818,40.077472950239894,0.3063134987782127,2298.94305141967
1093.0877429433035,46.333561853672116,0.7889851599207933,690.0370739114663
4257.873930355743,32.33100324597891,0.4464195164015822,2061.199384524869
2127.4190990935995,53.36557662914347,0.7983803405183525,1025.9319193698934
1472.6593104866251,14.717148532652049,0.8224223736682784,862.4427785026833
3786.9486614566026,35.197338298658465,0.8575623376612838,2069.10098249265
3515.771387119536,87.24710901017588,0.9166352358412073,1831.714864902823
4509.888054108212,23.23200894310148,0.43098522051329624,2171.6520920145717
3940.284175215543,59.1062998087163,0.31886681832113883,2180.701345421291
4213.923721539394,29.26710578022254,0.5821987465941139,2059.7764120192046
2128.138290285226,69.61258131179406,0.3711724234376276,1044.5150005301705
1709.7581751188914,11.778629464651484,0.601074166800233,891.5287043180182
4002.4590065634334,87.28389405706902,0.7055858626438246,2174.1728827508723
4227.338957069056,40.841058724527535,0.6884050184921369,2207.304128436505
4962.020568002694,21.244541701181756,0.37455288702012135,2526.7831976664766
2650.470707645706,6.614707259701139,0.16686020169875282,1372.903834306774
2488.0723431711326,15.278211457878667,0.43052933846220753,1251.4863336753347
4105.651842967987,46.77965537004159,0.14259414408190874,2118.010063424261
2363.2141610120716,30.33028587881577,0.8900970351838083,934.8061396158871
4723.029302414259,74.59950292943485,0.3458774607378574,2346.8083936321104
4433.651007372047,38.779877129562536,0.15445974722332378,2248.7291185783365
2715.976109500073,22.384284532886692,0.025447759905750877,1247.3660480706537
4003.4842711659894,55.543048794362704,0.6458223862864843,2051.5476593616518
4018.1714963387294,63.609949519690126,0.6369023174547432,2001.424306206436
1412.4954753437305,15.033771711085487,0.34060416658129167,884.8361222622895
4610.211626718266,15.085729465948589,0.071711888847651,2465.4321029626935
3021.0094897914287,3.3004284240188673,0.409628894895232,1464.6252365581913
4305.829864430967,66.27618135590765,0.3112174950633936,2151.117519079502
2280.198404122447,59.74240748596246,0.6771206397350094,1144.72063906155
4582.092913984801,42.71677881748325,0.6057792494526903,2254.4844430648805
2556.8067149366525,75.97534040722775,0.36459372819754,1313.1373833254042
1043.3506059211934,72.51031376550479,0.2178925542549901,460.3709480803641
4621.527905677054,52.6818927957077,0.9880359661555919,2208.337601500532
1365.1467071445343,78.14441524619328,0.45400162119611487,760.5187591736523
2277.2545503616593,18.52570890330914,0.688274235780237,1205.3542028072507
4800.24786820322,10.07276574579551,0.14055296757836078,2321.720966581527
4802.428587750224,24.277465036529065,0.4855896996593978,2495.653888928644
3293.7515524931446,5.137817048038337,0.027536719869465487,1584.7483204116338
3527.348848679197,47.80525752009288,0.50545511791045,1798.6025451592066
2793.782087913279,84.29451230654654,0.9640174071177023,1495.8807494199064
2172.843086792258,3.540918660165868,0.3842067129858002,1083.8068913290895
2314.6581814796637,10.989892260902412,0.03899601257491159,1205.0050600073832
3690.0738243081537,40.697912545509176,0.03095579091934353,1801.5366258535132
4009.49811775072,84.04875157751144,0.3879867599468695,2001.9509495240472
4166.316174903394,28.454049447907547,0.16002493646319405,2068.278956746891
4158.472571178216,45.65113278195532,0.023352096328185912,2013.7110127011076
1364.8244121947614,3.7415573145352887,0.7562136139501768,665.5587226101046
2977.681218810326,13.350888086587997,0.4585230088818907,1336.694809436994
1230.235040066577,88.79671106629623,0.2892447719726545,583.7904120095346
3198.115529294942,86.86068267924409,0.9000831830164807,1588.0323601646544
2766.1220054935084,0.4445982840968654,0.11613896020052561,1357.5435610500556
4550.816731033199,85.6630606880915,0.9559188289553192,2268.4868249500355
2403.6600502083147,57.52079440339503,0.3139667173773528,1207.189160670561
1468.2680657104233,78.112646506802,0.8884036723086812,797.7895543324094
1571.9667282113435,40.92658700704732,0.6029428764794615,881.6806832079814
4046.042526869889,46.40364257213252,0.8267073597414875,1967.4081400005186
3472.872253265044,43.99619222312282,0.9840131632104643,1625.013680854553
1404.490704491161,60.01778317914939,0.2884054378187457,610.0733082008819
1336.4272244599897,12.56861292806816,0.961135485407593,622.1031562446566
3803.87652583648,2.6976230885410155,0.38948189490242036,1867.3246039437875
1291.0520254567741,27.71369474320718,0.3855119047369223,574.1076962477564
4287.440237161425,63.4212686462982,0.3403871042545057,2026.8267445954084
3824.968908625985,18.166810691065354,0.5414076073475852,1870.5598744645215
1325.3951225675992,60.60891899924256,0.1541450431784871,692.977421599363
1339.3508563407677,87.29208414965434,0.5537114853580112,746.6921627324069
4946.558314004702,8.451064421047654,0.541704812410004,2419.281235056969
2497.0831830244815,60.534190640261365,0.76190181260487,1219.42483760721
2482.5685882675634,39.93751973741141,0.8336499619375856,1156.6853321927267
4251.19826903001,78.13280289397548,0.44044135031242404,2138.125822191354
4788.994309535435,15.943481050264731,0.30233324935149375,2312.873220883624
4944.004255291484,62.33633570035481,0.25933489731709447,2541.8081095996645
4013.5127410357663,75.43037606832992,0.19462383670487193,1843.2752589218085
2505.038342123663,85.0152797526621,0.05764758219902488,1233.5650245253373
1334.0028667946751,61.492322546068124,0.34244797883471334,709.4448766236089
4108.587663709747,44.74572876075846,0.27024769213078326,2081.6534540084886
3233.61699894322,55.60625161810925,0.9664173858664074,1897.3297579318682
2696.8880369879053,78.20144860308464,0.5577088262500439,1399.1200815539853
4625.417540378944,51.35487719749467,0.34727703903050755,2222.609013648673
1444.7899292246054,2.7348353727153176,0.580467600993696,713.4535537380378
2970.5004171634364,83.78538259562801,0.1391967013456955,1324.3965714243332
1045.4145790696762,62.057407592840505,0.4440437492022029,527.1032004986503
2874.6425679765052,60.88620471995219,0.6262343214210638,1366.2555426643094
1225.2131027273495,19.410763715794545,0.4888978317924514,708.0766214460291
1475.2716650722878,59.29969232093915,0.40177880065432425,694.5819214208437
1470.1049871084197,35.44779650887426,0.9938483888996982,730.56484611535
3596.841208464254,58.61096793373429,0.880314762148927,1746.6750451546484
3984.1795170616933,9.593372727719165,0.6234059581594401,2167.9559088575393
3333.4750603886387,59.206077414273246,0.5693773611822828,1646.5114068015012
4848.690193898168,89.94723531935999,0.620660479824584,2625.6523144088587
2499.482318094816,4.3390834974500425,0.20131210782243325,1332.044283169507
2142.848345127443,87.94567657991855,0.3951377432643186,1137.2594943875702
4474.396512757841,36.621716465058356,0.03945953289089932,2281.3998603569735
1894.3833540778105,78.36781053035332,0.47554603748682667,1002.2925235703498
4852.890157762446,70.4146935652446,0.5430245839576632,2247.8150621181067
1048.6178987592655,51.0314634888001,0.2277497361032096,506.6496776359274
4879.515306830556,66.46042883261939,0.9640288471655137,2537.661939184951
1172.6396478023044,79.06640051712131,0.909454610937242,597.3343311182597
4564.572454792284,36.37262894859297,0.7221432354559059,2149.113982829049
3110.8044363451995,29.432984540691482,0.5333866287653626,1556.1017086858676
4971.859184477202,60.083404700722625,0.869969159647685,2668.443821720259
1295.1862589415955,72.70613477471328,0.1306523438234629,786.8365932135947
3215.417137605283,68.60566212989542,0.790509794274885,1615.3083512714447
4877.210142476396,71.80322839727711,0.1248208139668483,2548.123126704859
3092.3913766805954,39.20249833316397,0.7942106625494054,1517.4649070363803
3517.5945525410502,73.60507945575195,0.27576756825135695,1603.1587102358287
3782.9947559384686,10.818814983354759,0.8770905810181889,1801.3022512110517
2818.1642590710926,49.00401881647646,0.9440420938253978,1575.266214359044
3510.232320336254,0.5182794448309413,0.14879596940511564,1727.8353874711033
3337.257247692401,29.212724691024327,0.4626756050653935,1650.17903840741
4604.632041963956,32.98153813842581,0.9809873781626851,2279.0266077199913
1181.7855213658315,35.655542244832986,0.4834074359731466,788.4858688327804
2123.852758368921,62.592048602087594,0.8635475225145451,1237.127035193336
4801.645936306235,34.97022911433112,0.5887315221313199,2629.75391047301
4561.055135563665,40.38242603602776,0.37532990791960186,2272.7370649398254
2822.6270111428516,21.378971778689472,0.2857835555258702,1445.1803271574258
3480.5303912061468,33.59266124664061,0.20322309108608727,1595.339795219431
2109.524731924531,20.454266453683633,0.7617981913776972,1206.6228416839672
1752.4846388950452,6.587633139159927,0.3865405068230279,760.8205449992435
2854.7936197599283,54.31037340432401,0.5112754622007512,1459.987568483312
2413.4089121042116,60.13915186995146,0.4923254800011819,1109.051266210812
3334.6244474034884,55.754131140865304,0.5772790292331312,1619.634095158971
1310.9385478599393,41.71446394205151,0.8655771456245522,580.1724813279723
4897.579230664665,34.18072021613068,0.9807393435834294,2394.9363072423353
4944.842977918412,77.70002846146427,0.40758420857381694,2434.089982757458
3792.6468560789804,46.71736066225962,0.8275189221063031,1850.922772571645
3144.3854653764815,43.126368986675786,0.7645277946547177,1664.2278504430722
2238.110465145311,2.307785922579212,0.5735289514555733,1009.087863346065
4255.180078827794,30.71230448635407,0.9560471436119331,2155.882247726916
3738.924690215517,34.21760569072713,0.20047451552840279,1998.1218289280125
1650.4677573795652,35.894050280721046,0.10926421030962141,781.1039787156182
4643.70873797537,52.215513230459905,0.8539619669554221,2260.5909787557125
4290.148971692675,48.02422920541906,0.4391498166337483,2131.6707841510597
4799.199653167696,54.711458351410016,0.8469688542070605,2528.5993359756217
3902.8780335534398,68.83949353879154,0.8930902051954149,1984.7069876003336
3453.6607837431593,73.16871648444841,0.06245759361907144,1688.3489514670714
2672.9721451624755,64.6310768603845,0.8834647629860607,1397.8882995484173
4730.913933416054,85.99713263594413,0.4483190553694222,2272.47201015711
4464.255558001633,1.6409324408725467,0.5104324890042322,2300.6429597821866
1180.8746804247576,17.620018711519148,0.6265925110932102,634.8847339759687
1105.467897989008,0.6806587480327908,0.9263826067300868,522.1818718908951
2505.853467512198,58.27272427391427,0.01911609442976403,1180.7246103756017
4242.213323127331,80.82274940549883,0.4768434683178171,2048.6508035632514
4949.104517259778,21.913406691866935,0.6877220424305607,2532.4854458070963
1601.6675644141128,83.4331090316676,0.7227069576982285,940.4907249580659
3376.5228614085404,5.424065126060476,0.692532431537108,1625.6847222697565
2523.563426524086,84.09924241249628,0.13443512940812186,1324.4536756126315
4879.657591258412,31.646041851567098,0.29939558837168123,2237.48524169815
4368.475692542835,9.127874560429486,0.35871552541701346,2127.6375196703248
4353.314818844552,43.72845832676931,0.804437207679505,2182.3776515213076
2874.772639179881,23.109891094845715,0.278759872414553,1351.0678320979678
2659.278009350661,25.638561176573056,0.21070496386720317,1241.1371499280722
2093.628287722825,27.65609684336579,0.9574480190380962,985.6631523851008
1225.5019866037085,72.27233080493971,0.0088632851134689,656.4256186239909
4458.889505020213,48.52451490077291,0.9978208556819782,2220.5165357351916
4251.60403652031,28.01769292404033,0.6768212988573956,1907.6501156423515
4998.870693144522,54.93004049798265,0.8284692994491171,2298.4341863382956
4986.547348295621,64.45356068008742,0.29461939634619316,2445.507330437745
3221.7268224105096,24.536160066018038,0.014315277667059978,1661.5407333515805
4075.949660722042,37.21941913728163,0.73786951856153,1770.7420168678102
4779.0629195297115,10.96974840032528,0.8341445970006758,2341.835806289458
4398.589562709645,16.303441458121227,0.7404761319535191,2150.0047316079003
1989.3924069727905,61.300606856848454,0.1428502873008386,1145.8043877073399
2802.176541240374,16.329451292606425,0.7534279222569691,1365.9273224996475
1516.6376606059798,47.26470453003542,0.768922782107641,806.1475619613005
4816.204109034889,63.81416355501894,0.6585405156700549,2435.0564552887618
3424.69853780352,9.618923078526946,0.7661159327955862,1501.293017130025
1914.5712220138507,51.058099766601316,0.8459214396777321,1044.402544767387
3686.8027376234268,23.090650533122737,0.6136041142374584,1869.6205098753903
3472.512961831583,86.66341877138218,0.08860471396967906,1804.4248891089237
2432.650872131362,43.51910820479323,0.48762780966721087,1617.7017911312391
1454.230368798516,72.53932947976423,0.07764933467160506,533.2195212788191
3686.2927823711984,49.52038879406356,0.40754303103243084,2025.560888223626
3081.230803615173,3.9071279569337247,0.40710648912562764,1512.6927861078505
4089.2735669425574,56.98362380346201,0.06600984414024158,2084.772999656686
3080.6540044479734,85.62630079859913,0.3488205339694793,1552.9359199069793
4408.726001274161,54.145063813169806,0.11099809879131484,2172.7794798697887
3207.627355097942,73.72699734841112,0.8082352100092222,1561.6566077157784
3243.751886141545,79.5785817013567,0.9476880259644708,1670.8373017709412
4506.6144106333795,20.527179475403923,0.0723164752579386,2105.7025031921285
2613.9314648495883,19.0840355917404,0.9551152072917014,1385.935967816048
1536.060913802563,54.988288996589255,0.5225765993367452,737.4609318720077
1115.130705253356,36.99256228260342,0.2995656779538739,451.98688774695825
4020.549022694476,75.58751725800484,0.07686207527616351,1980.398415206785
3481.238205413859,81.002081105821,0.5006242680704178,1882.5845030411579
3816.319072396894,31.80792413724463,0.7945155444907487,1861.0670638787228
1851.8566460356428,21.318350307703387,0.7070864772666982,966.1080635480507
1545.485902347079,70.24729637194757,0.05022601146397376,713.7018054775281
1058.1786626715277,24.732543199332248,0.07290183536790351,609.8353151515291
2402.3502352263877,74.03528866623105,0.4028732826326371,1284.5732365537237
3359.6707474185323,38.13644282838865,0.2952904940479433,1872.3530746539898
2568.9761803989295,60.07949093623234,0.23238432305604784,1278.9708322690951
2749.899688094916,8.598178245120137,0.2810044989087136,1443.5630606221637
4616.634777974994,56.147339220891574,0.8034827432968846,2329.4339590598993
2393.021868093201,40.65909108635062,0.9292280536318539,1334.3228532555354
3055.957956639243,52.79476168579267,0.4051026945275664,1466.6952021653601
4134.6120509645725,15.121278697037708,0.9061110021324971,2144.921423609635
2586.1711292850805,66.31863704497638,0.32149570124788196,1286.9117120099922
3488.346800911494,77.65173697889057,0.4764369863437916,1753.3325738393098
4449.45483498698,19.506582008169808,0.22602899781599972,2237.8265852397435
4798.082494630568,8.614309996814555,0.640476042175844,2426.0521965615326
1588.2939237161518,2.1274727441702757,0.9789811151748089,783.0474502062316
4706.350500645978,57.77743503989394,0.6034930960433786,2386.2624049576243
2968.465172318153,54.638463247990266,0.35781408411354887,1653.0078659733044
2032.9775531958335,49.2027671442663,0.6478174459905284,1124.939080332891
2836.5430249530455,20.875238650437787,0.12292067846538757,1509.3743115241464
4920.130301141908,35.18153963149632,0.8886590802653986,2421.6363718028924
2970.4723759714784,53.50287016675557,0.5030839507798364,1407.062987591336
2315.0064411500325,44.709017297325246,0.44934974203964206,1262.0200148324604
3533.6034172669033,88.90069681933986,0.5858647884535192,1872.2451137291444
1960.5824751127723,12.27957773010598,0.6247838627894025,1130.0766990637844
1303.4533124346558,62.563009864283444,0.07177580622651303,603.8483731738843
1515.5188876425968,36.38868912938629,0.6826172212234024,742.1505778332632
1512.1833558310898,38.53796534330533,0.24193168031552958,599.875047899694
1607.6107740491775,64.58379890923587,0.7139526325065898,777.5464314635993
1555.3086905976406,62.31925361919327,0.8225347943841967,889.8575005600421
3563.4989792128586,89.21303943319695,0.8039585075525203,1753.022955421004
1727.5203375965793,11.55548605087127,0.5525009674078891,930.1744956252871
2382.669133295453,9.369868444574971,0.5201698923107512,1174.2102467260913
4587.153639624047,65.1904935415867,0.14287596133941172,2339.0349089386305
2895.8465610514895,52.05482253057682,0.7753461504031356,1343.6426406653336
3670.230954084109,24.674459990382527,0.27140938044671437,1848.5984549415655
1689.2794848065193,7.1477432090087945,0.49669542281794654,547.0053634972708
1769.1560752346832,7.709242463678748,0.2842740929275167,867.4586977031715
1163.4744650659154,80.47717871977065,0.13382836299969314,434.7987267416978
1675.7402522886582,17.268059224686862,0.6295576968917366,961.9861454136374
2114.3613561278344,29.10344059039687,0.05433203482290383,1140.7475346619299
1708.0419371069872,20.399076200428922,0.7486452341262,904.8427465136001
1354.8101350282225,31.949667524874357,0.31758679526111666,835.9273824145503
1482.5434844024032,6.248145847148403,0.00013469300448532007,647.6297327574481
2843.115072130903,46.715381181744334,0.5111291392372298,1605.6880450072802
1825.33487362317,6.085130723299342,0.046851908527603126,1007.1083045731361
2457.0794441923017,72.03208570401254,0.27616955782089947,1219.3182274708408
3013.669083419428,21.034087371938973,0.7069764874557162,1624.6740715511419
3761.579314517461,48.601072314405954,0.06268962162186587,1779.8867894426105
1157.2485593643958,79.20711788053124,0.8393384923560023,512.0982209547723
4197.641595636171,58.57896321424747,0.003819922658583108,2049.6780001292304
3511.601557963631,47.966200789620174,0.24682386920190225,1712.5209307202583
1327.0361277954876,29.190037780383804,0.7409040561520714,563.7743975834104
4494.314496427109,29.970172175237813,0.3162701497293068,2375.4912163731074
4683.4896021272525,60.25382596783711,0.10189238806601353,2327.920315459017
1244.311839419455,89.47254250990508,0.3602339188004279,675.3369484392765
2107.5105925888147,59.56552708644408,0.27039328638452553,1008.6603043989666
4224.805119172245,50.20050756330224,0.8427119021605549,1940.4666022341473
3993.0387615346335,65.75854592153215,0.31334791758514313,2036.708160582524
1738.0840774255093,41.86850510553463,0.7889324717760072,686.2691354390615
1837.3972933468413,5.412810834070669,0.8918721448107347,913.006991446169
2481.888411165528,50.60671342901188,0.43381741957652953,1114.2774261272427
2938.0919407640854,86.18627560548421,0.909943143854392,1685.1018197406058
3473.019086121184,15.777264812189367,0.37731805396319285,1830.8390000458985
2475.6545582790895,62.100440173859916,0.9640784164901082,1260.9191541431137
2850.1388645325915,18.084031979315082,0.08928952452557293,1555.0658353800782
3989.8837525350264,48.22449160257732,0.6870192665032427,1920.0238787681055
1146.7328115623916,8.700880468204765,0.49381404045692867,629.5039011458916
2009.747777376083,40.53338426323666,0.38764880545564706,1033.0003737931056
3853.3983435382097,68.05469960057215,0.6327118787486009,1966.775391010461
4580.8273507487975,31.281437181508387,0.7038570916343312,2423.9756985305407
3046.709768462664,59.842055203849625,0.004363269650309087,1608.5729418770472
3128.4539410612624,71.59049647107562,0.16695308874719872,1607.4341314162232
1428.6880453591043,83.44600375315073,0.7130460506343187,565.6157844124161
2789.649467293819,21.117787366990818,0.6663854135782065,1303.110300133719
3130.4690658200925,35.938432422837735,0.9660475051286772,1560.2479307855542
1969.8820145389186,13.71744119973757,0.761037790250783,997.097836716097
2076.972923797524,89.32351519425377,0.950772707731338,943.4258697409936
2509.1366524184905,83.43008711318657,0.702540501534807,1512.4922652398782
1080.2847911109054,48.59614172525036,0.29805220863944315,701.5308346467241
2288.3166623327133,75.78299649387792,0.10536492225085647,1219.5372989966056
1845.7920279861787,46.8862179544838,0.7818238633449356,939.555126098695
2309.9894087116586,56.12271192024837,0.6441492214759159,1145.0627646719115
1479.0485272770047,8.021198890441495,0.04818601239329623,645.9414760156064
4562.10912295958,67.97433784471271,0.36005046590097833,2302.433485947209
3374.3698142161948,11.494213527171134,0.9567998154842862,1715.3546838093553
3716.4092765779583,74.34608672272755,0.5004011457102012,1748.9478381999331
4156.684954429353,70.38252789033473,0.43272913601970464,2125.879897430835
2993.768795716229,63.78702279686788,0.457699605159294,1494.161667495529
1347.6811523496947,3.2544342472285903,0.20888272400516372,483.7315955089544
3148.426167274191,27.281552035079574,0.3687071708647952,1493.6677636832476
3347.3644720835164,23.680131291975858,0.3698132559871766,1637.0946902835876
3981.75789673732,32.41227667243672,0.0523550201874724,2186.1354049391853
2726.6381849187173,7.887847208745469,0.7675676285179183,1420.6287311173355
1510.321211182255,84.32620407279565,0.416504431903879,638.5193399388879
2135.103623194898,49.842201664113865,0.8221798868164233,1126.206098860717
2452.3291855945404,27.49718795922212,0.8503480011198954,1077.0186662953902
3583.6689653264048,35.72833653668551,0.21199405469865806,1907.2704547647168
3283.1132186756477,40.24822864543521,0.6573534821701286,1602.5595252333399
2424.386903591385,54.053490002455554,0.4722818041629817,1213.6877591026828
4946.060995171919,46.4111484926848,0.8801567379214851,2614.9804077125073
3423.0992774275487,82.74527758929756,0.21574067917645412,1599.4039114411266
1948.907166943978,44.726713461524724,0.6778132003100442,843.7548889730258
1407.129890481615,89.29422133409814,0.6077521222527226,663.1246320852518
1611.4365567373281,76.62824619705862,0.2953014775718328,924.9113428577647
1983.8309135380325,18.765946292160223,0.1366009036511726,843.7476985701292
1642.7254930382228,83.75356931795247,0.6516397604772766,554.9630645476927
1746.2680962052232,10.472975809692848,0.7385974581323307,830.1866171694635
2140.3806747753883,73.57047376420724,0.31562734376335,1140.110074866004
1693.4943811790195,34.256096412892205,0.6448326040223138,973.6890681063733
4587.0616985057,79.01768884005625,0.39513090761150327,2263.057763903083
1320.9349826465689,78.12510210967054,0.7132068832826177,635.0211717219465
3098.0455582810187,72.5332860105859,0.1992152748940531,1678.9394312956906
2641.5873079586463,71.10273926763553,0.8902150026361744,1148.1290533635718
4929.514467634426,27.421122518823672,0.28740959646557973,2431.4181217623236
1448.1556086722094,7.282735474612696,0.3677859877561529,744.6135190223085
2591.4223961829666,36.268216088864534,0.058091952080349785,1347.8925226329675
4877.881733101475,15.61720634878578,0.1115122123212764,2391.094789722639
4462.028503575921,62.545598001221556,0.5158619027123281,2247.01905874906
4268.288283797119,31.148975388400697,0.2675926767279715,1891.5679609026135
2031.6113081797594,87.80491807739234,0.8354802257421944,967.6253444945476
1683.5503495602634,57.687486961079884,0.014693388654953843,898.6650127666599
3674.572879697724,74.02325072709249,0.3790940486719362,1753.8995959736797
4717.503956510343,11.927220546766359,0.3373455467690927,2367.0695790781615
3227.051572055719,77.58130340453603,0.019327630917601035,1673.7312295521285
3286.450757879599,83.0481471462055,0.12436839900051022,1625.5925251231643
2119.916374641137,43.83557269370423,0.41364267491863527,1085.8130432264581
4077.9717327677477,54.56276439758797,0.49286458444744663,1953.6744491933753
1748.1749942300935,68.83288208126959,0.4042897472548691,867.2333745364215
2294.716945616975,15.73547645343713,0.5309376784120938,1211.5802788259384
2701.7457544656672,45.23094688170982,0.5951316749056815,1375.6758758735098
3030.4415147378204,35.87967249950818,0.00992382112783563,1463.744557294531
1969.638929660321,13.17365929460242,0.4640951594535039,1009.9222466341057
1459.347298956814,33.07809800623783,0.9634992408875883,807.846598067405
3442.4801697665303,6.135507844694422,0.5190322801295487,1517.524961822469
2154.522212961023,2.323071625453829,0.6775422674589532,1193.7008815279378
3324.952885690449,12.16496602393405,0.3118638579168832,1631.3151485676956
1617.4508610968091,86.68036004302564,0.7739913781527625,868.687895018848
2924.5604074192697,49.45765823055153,0.7729214818761151,1591.9737198684554
3130.3577302063436,86.9239945037898,0.521296047654139,1445.4484238856485
1207.2941472897076,38.924809049711875,0.9760138232792136,540.5855365943694
2346.4171127756827,28.06345197767336,0.12555021476265338,1149.978932217282
1537.658707755897,45.55276765562197,0.016947664889580993,699.5662500631191
1253.499881891071,39.55605197696191,0.770158211757096,808.2318247457844
4959.840929559781,9.509821583556953,0.8071555373648825,2396.2259352676588
2289.415379898892,57.67436832211856,0.12020722912057624,1100.6999063880949
4239.497783418539,19.443436425863965,0.2655828329586061,2144.103040438036
2018.5626190550554,55.76291594080466,0.01755236336662891,900.2206953444164
3726.010888895717,58.518098315833804,0.2933086107805647,1835.170323796477
4040.911439558746,13.682236781578329,0.7731418739186715,2055.014807448098
3382.554962431377,5.521466439960134,0.5179605277125789,1659.1475301182008
2886.3047542006334,70.26854274615958,0.3480955931682881,1447.9022093188705
2647.363656589074,41.382038139238816,0.3717392949063303,1279.062198607038
2395.4730661719814,5.234741595492821,0.0013536257154681541,1047.3365858495843
4718.116576991303,89.53796854527904,0.2998005275652359,2409.1551833913873
4322.477631150917,5.200250489672998,0.6464587416379305,2337.836818712281
4860.10764266605,62.553170597269784,0.9741944438163571,2444.5020379752045
1497.188893942179,88.53110327370723,0.8470608269838995,788.9117854332842
3923.469900814577,21.526209379433304,0.023594964645529126,2035.3148272913256
4753.361827284151,12.802443181847655,0.8985606046748393,2252.3982086842425
1724.9322646626406,10.9246445480186,0.7831984132986259,1034.9808468952144
1265.98506946711,27.2947632810836,0.7803761235709804,658.762404644409
3964.4825971602363,9.094122990958201,0.4579957590035715,2147.291612663121
3297.8924527196477,62.29452075247187,0.3980052929545028,1588.1416314872147
4367.315107033088,5.606261831705642,0.3029157288331926,2366.615289711551
1559.089506505158,45.84799153348107,0.06569485895436578,866.2364704486489
4181.069247439561,89.70271684676791,0.2282353634936991,2163.8019992107193
1806.5092801909782,73.25732425554169,0.24660363497802462,941.33321074541
1654.623771462818,55.36974944079098,0.4840770697102016,813.5813815190933
1657.0631917239716,27.56282587079505,0.747444406596694,954.1720713241917
4258.2988809255285,56.15062526624746,0.4738098283979466,2154.4629334836586
3660.7888827848005,47.433731752048644,0.057844449447160606,1643.1800018290396
3092.2616990764773,38.347504550133436,0.9577898009882039,1442.177483257664
2435.32193649401,11.763933906617952,0.9427243190941123,1201.5234522409633
4508.802163252433,79.79437937164201,0.7851895431484084,2301.4383747714155
2569.7804296905415,40.48061839391902,0.9913279015642206,1287.4266224242215
4266.397757886309,17.516026063868857,0.5444823328002629,2258.6536113685743
2756.5396342808735,33.09834157895607,0.9627683502532061,1189.8755758873908
2507.7777176996306,37.27167772760343,0.07560504061675077,1275.7095485499137
2850.7191426784257,74.47841060101868,0.3656807482613713,1258.4938989955272
2205.5114966565684,66.02529425052619,0.22538126800676583,1191.954574853607
3990.4375207050043,69.23744042772059,0.19583308413427003,1999.6399603022596
3010.8815603699168,0.9928137985782493,0.14080294889267608,1547.6144204419752
1928.8507805872691,37.45385983617854,0.6224136415659967,885.5901075660503
4598.298293098274,43.32097364717912,0.7813218557473051,2435.8379666299224
2535.564885492846,1.7273049140751018,0.5782983994203607,1372.3581999750652
3174.2114444559543,23.38318878705308,0.14696270958820967,1650.1514865575355
4625.888443858188,68.42608408099215,0.8111237699334709,2313.7588264359415
3496.9519836559684,12.339873515609915,0.6359547071637285,1808.9932905313358
1467.5921628334563,48.17791183073325,0.3881657061269955,672.7812235547526
4759.328494453901,19.368168481551375,0.674130295536063,2469.1608598548855
3510.8322122856716,1.0908697179503946,0.25990497924283285,1920.6083600167424
2339.6224586283442,21.708131183958734,0.3451922084942105,1281.248430769732
1557.088290653549,87.82863794190484,0.9174858431319902,723.2413745187276
4176.1007570811835,72.13834006946907,0.2905045056714204,2138.6488287323627
3480.291023714054,86.361897988893,0.4699882681579366,1628.1507359057566
3133.844367905286,43.90686395337262,0.8901411373960146,1633.0316019746247
4575.570332203831,9.876257880975315,0.7077213502675275,2334.891531099391
4154.388844898123,49.31635400763236,0.06220322616470275,1900.0822796199884
1606.6995189310046,40.89396011039648,0.14730304427897034,695.3648974007731
2246.888271182193,75.99213744656544,0.007841590771916818,1110.3294575651103
1993.9565592578629,8.827432270582014,0.6309217902291634,968.720883547988
3975.785170290708,43.94170233196004,0.4476734254104183,1875.7779994124064
1134.1297389431174,13.504379822458583,0.13427485090227553,608.6770458563591
3279.558739485266,29.220833420105397,0.9579341210567704,1670.8666907328109
4049.834742962762,66.36213696490196,0.5296597239456199,2018.815851648904
4507.062547046998,42.84163164318899,0.24189329411288918,2186.544639165712
2368.32699486363,33.82994566311924,0.5006035711547075,1295.8502595632106
4285.0292186880515,35.50286507130318,0.6796203327351078,2315.2238557003893
1442.5269478208288,41.350209156538796,0.07623921797356448,681.1849912788658
4385.809166938073,70.65148894533512,0.274703815047892,2145.845659924126
1509.9546493279297,80.2876220046211,0.8069654908839936,820.2363121551771
2589.149162241469,85.98012178535355,0.45966487040266124,1276.013633990147
4189.181463118215,70.82130476297655,0.5465771420322949,2094.8699301595825
1599.6697093950952,28.386620617321146,0.43281600220946925,879.5207755936999
1917.0055809305659,61.93212354778879,0.04389994264300512,779.9579964183758
3889.0102735722653,39.384281164985275,0.16574977982015593,2084.2288004823786
3880.1461461842973,22.920355984144607,0.4455416387418909,1951.969750885786
3564.590531541189,75.67844214833303,0.20918546540792782,1756.3025582905839
3775.7937778684,3.45837140660925,0.04997902865967874,1879.670145696243
3170.897773390385,81.15857929218812,0.8436496640518237,1598.0079030220872
2007.196235627811,41.53297181622607,0.9811925291641158,838.8827010855746
2382.783974015678,57.348132912745236,0.7931428739967394,1352.4347506231113
1726.3908672057028,59.341852998520444,0.853784921704667,879.2817459217878
4633.802245334513,80.56059666358827,0.24197713031704537,2377.3376527577434
3333.567179064482,57.30027139504866,0.9606269755131998,1773.4946835662063
2603.4056670545597,55.25402262840556,0.19692570445342839,1210.6570848673764
2848.023214576531,5.998683650462096,0.9514298103618323,1472.6536769029167
4789.133358447261,46.656721975068365,0.994819293965951,2377.2333964581617
1613.4056124643207,13.51521007353375,0.7117228057460487,894.1540980490911
3344.919328067189,66.3690391849337,0.9811437317918219,1473.1088442086107
3023.554715537864,46.0999728731407,0.5695397795671037,1511.1448762973898
3445.816941738591,61.220500128751794,0.25954178317609033,1674.8964594949673
1072.440735283362,3.750561054214584,0.43699588566562086,580.2404745045061
4488.495635776606,7.63128144412229,0.593560935378786,2292.8378490074856
4728.473129934449,64.4691049256414,0.07308156202701499,2306.375104626353
3260.5327343568356,6.487590239880603,0.6223432646172461,1560.4087331352514
3786.603295507569,6.413105498873274,0.9811778367622945,1883.6158497815022
4689.9975247091825,1.0897627711398705,0.19010764978372763,2255.5715029422763
3828.9545372535945,86.0851258469532,0.7925951162883833,2015.9719228530294
1610.1561716570454,66.37575235131062,0.9078987937796194,781.5233061334183
3305.1534406672527,31.792626765185773,0.9437015928202208,1368.3307939137812
3426.8601855314237,26.68820231588897,0.9601356044054472,1681.3815411271496
2696.522685209544,31.47329067712646,0.5214596387214719,1250.7537646196722
3945.7769424988915,69.71881780630636,0.9773079079915037,1823.8023840554117
4737.46805907606,59.5233549963373,0.7573102071344389,2256.971767735754
4702.274051627105,16.667601108072112,0.1616714362369619,2365.4275603620877
2803.3574856165287,15.669840180067592,0.47690010646797,1537.724483679748
1452.952183363021,8.85560847420576,0.718331175372004,759.6374938803867
4939.364795849338,59.427244773120435,0.24734031581908333,2420.9422420893015
4355.592345783736,68.79353959995623,0.6406151835488874,2237.209361847284
1498.6507248130674,23.854178549250364,0.6666004790466192,708.2538271423892
4683.36753046949,1.885046492782153,0.1626997438085659,2272.617007591368
4479.585448248514,7.395450072878461,0.5650853124527563,2125.8920558467794
3075.3522285042886,87.10740313605274,0.7716269109786077,1379.9918768952807
3365.101742979717,26.590029972967823,0.4988956645359419,1648.926396394961
2596.010815480521,69.23008330543203,0.012103116776107425,1327.6579837050379
1219.0465552881253,56.21972119688374,0.009038469079292177,611.1057587288584
2340.7889665836037,34.37456756876063,0.3570293439700122,1135.708406945215
4211.413794392046,18.51185359759996,0.926194068431782,2014.927281252708
1018.5280920184115,10.92477763434658,0.22867677960360877,572.2964883825323
2333.9966867645767,55.351167123497994,0.6343636888716871,1046.4188211812166
2592.6747743637734,69.71704025740092,0.22207587069332058,1387.9057942047837
3149.5824117516913,57.95138281870176,0.3216699896595486,1486.1919475458797
4679.422465651041,47.727191992424245,0.848042089601484,2274.097951697662
2385.383977463845,3.775610108847264,0.7288614422699469,1046.8414778363513
2387.812807584911,87.16398998349455,0.09539927731321063,1161.208527028322
3950.0049924389937,71.88427724891172,0.4287020209864336,2086.953467719176
2808.8717635592284,26.353983303086828,0.029169763645264468,1461.2724042609918
1898.419291759928,88.19732964229655,0.480890146603009,1064.739412025887
2809.7580645307735,54.16934306726899,0.6624340117010681,1467.9933988734044
1563.4280815191994,52.418039238652185,0.11850262359815156,681.8425160166531
1705.5479460248932,67.3265861486579,0.28888493890916567,833.1892563033134
2993.471090957919,73.05928092811239,0.3978366255021569,1433.3672724153857
2675.7017980181918,59.08307465983524,0.9195310246560497,1482.8169574474325
4659.3836042724,11.528617172958002,0.993255015422964,2212.4179864297025
2449.5755964665323,30.444075539504855,0.044911298995615856,1320.2508734099779
3322.3534011121737,83.52752762934448,0.761007923495392,1767.2536938851822
3529.0571516781215,20.215405065946673,0.37172406640234323,1951.5708494304988
1052.3778263533345,33.4950321453762,0.39245818622948003,491.95850616141564
3654.1494880668424,38.88691946497764,0.7542649733470227,1906.1597703817677
1712.1438674790056,39.5464490725007,0.9184264321454086,1092.2382498511017
4844.281269877821,55.164562424507295,0.9509285945025484,2371.5044725898924
1594.6509110124518,84.87682539702368,0.5771225860383208,660.8545080909985
2658.496494908095,21.662344064925446,0.3571211593005028,1145.6154249921863
1341.3986723145754,10.935123867082625,0.7875490858587793,744.2363187254232
4987.497007383789,17.77234408739436,0.25100138326230026,2309.0130518418414
3008.7800413249706,79.82324101883425,0.5640740288335178,1483.1791709753434
3381.540069280175,58.12297313896854,0.35857846152487316,1746.1618058179297
1268.3059095537099,25.731611031524412,0.6566310737078761,657.882493773522
3999.841881596711,73.43522450717555,0.2403989128935069,2057.176512009497
1839.6223723823432,77.52329967270924,0.19159294573482577,957.5639910003724
4592.217157762855,76.18629048212502,0.9182390866754371,2439.3242422178596
1820.5585619280287,82.7033880275599,0.1018036829495369,831.5985008639416
1762.7508826546664,22.701691815602544,0.5059579077349317,818.2668616353741
1146.1986713923795,67.95377358716505,0.22085278296300892,509.4462311648367
2888.2677804399973,41.4485547546726,0.03892996332566745,1535.4466753535266
3259.3645330504655,75.77986976010554,0.03601881829142639,1734.8817011985896
1262.8345577134096,65.5641609445452,0.17522177210582734,689.6701651546753
4102.110466780043,69.88027018497522,0.8667703545060003,2183.46733115146
2813.1553389921105,59.054565391296435,0.28247874397702666,1300.6127437110742
3097.5610773103203,15.968589252273619,0.9504591705752957,1718.7917135777861
2763.0509877529125,49.05242270072445,0.5816222929891935,1543.7180028171258
2603.052243501304,88.62027655720574,0.4366141897687661,1392.8560382056446
3238.5613252328717,84.36492598474071,0.5800888346694546,1814.3915475739568
1620.96098372285,3.8856362217310503,0.5166983852262678,645.6469681765163
1727.7125219810846,14.833333415649342,0.7587762537573252,814.4539916727828
4447.142484054069,11.855589610910572,0.28249606597285226,2152.440263487619
4784.461848534531,65.3381918986766,0.3530503916003024,2477.4818000618952
2493.2372651190117,73.60067968712505,0.8940943025332507,1156.4141039669696
2082.978692574215,19.216022967960473,0.9464565131504055,1121.1767114657632
3575.998172956063,45.52674236566461,0.8925582274864745,1934.2473051735842
2634.9366843923854,75.663272521008,0.4194479939573136,1402.16323150819
1101.5454226413794,65.95213902896255,0.7803655030068817,592.4162780429331
1624.6103894647613,48.80134849426634,0.4763357333010988,723.325763914489
3863.8889153895902,53.13129214128956,0.4975398521461022,1857.9353734957313
3635.6957676406055,45.752449222465195,0.20468010905728395,1951.980732205368
1108.383970013934,26.77936061869385,0.5911303032585165,637.5418705515649
1887.8886477317978,50.85197935731145,0.18613589775334793,950.231381389382
1924.2991863522857,61.99967718450816,0.33156469906719377,932.7917305063622
3687.5709743949137,78.59906242747269,0.8550302016199351,1657.0100153919755
1078.8421510174567,57.266221858132326,0.20707580921085522,443.8097855928321
1416.4343279382954,68.50093833388422,0.07115828517343281,913.0663761784142
4199.664341492758,14.406447145911569,0.0690075926128163,1974.6748038345759
1714.1786482173345,41.54017269778109,0.9407845205031079,884.4394192223818
3610.984431407499,0.8398457844383966,0.5069204379618346,1906.4552742239532
1952.731124186906,22.201097806946073,0.40941207181701833,855.3544560617947
1397.7655710373806,65.38155436017044,0.8108785810079184,730.5112317269335
1972.6887639978163,89.26289562144271,0.835825927910516,1098.0720974670533
3889.067727422637,8.926028962849431,0.3321910331156046,1947.602220797925
4422.785872425143,36.13448842751594,0.6936180574737952,2505.5295012704987
4320.879458267967,72.00638718292436,0.7711228158518866,2008.0581929643338
2588.7341184738193,18.363207116600897,0.6546506868659545,1403.9780187173042
3672.3405462825845,49.95764543720576,0.15159507480009937,1828.8967879965671
1819.9371816632838,65.97641664267073,0.875883083517057,1000.4434779521953
2172.590921044053,55.43869052341611,0.5390945527360087,1141.567823251908
4585.343274084479,16.922226115387453,0.2824724263700037,2222.768709796954
1052.0076940429442,31.98461118171655,0.4252281854376939,555.3429313222932
1342.0341234178723,70.54126060368574,0.03757109039890738,499.33892579888436
1831.5450205841094,49.8803862718815,0.12786680122241756,986.0861242836925
1106.1288154952788,0.4706652188621463,0.7655467505158609,583.050942065516
1725.7417403591894,68.48916840252845,1.1634755366141114e-05,940.4347218878862
3332.166243878769,3.1780219446215163,0.4165658284822922,1772.572215419872
2685.698202369992,67.1160404458109,0.5225101810855884,1393.086544313238
4570.686844307899,18.223250414871366,0.054634420000972295,2303.8024776587517
4269.774246953763,86.22661321074422,0.9730781629723328,2064.122920269199
2367.2694067915036,33.11466761718761,0.22612533124967193,1119.0581730874092
2037.69373372517,29.423845470427118,0.30419871963628087,1143.4355178463672
2518.7696326690675,13.399924529920021,0.30394251225502733,1405.728736062341
3361.179770059231,27.50437939411934,0.2304166621173499,1662.3027589434457
2072.2545632915053,78.89856856453805,0.001473822086311416,1056.507417466196
3496.595631396536,89.67009038645226,0.7293447940879964,1675.8433307555906
2637.6466087649615,33.14785774561635,0.9668454997992854,1442.8252450083285
3208.188723407921,40.37495678590883,0.22429348328504506,1678.7334647786486
2744.5061165412667,64.98638443824633,0.6630471918034224,1579.438383523838
2177.8630381676708,79.75762024185671,0.7418963269587151,1017.1249250469286
4793.813227848626,53.37399007681057,0.8484253790905247,2369.865464575763
4054.4231766390435,35.23731283600464,0.4226291970136091,2057.4459060589816
1560.45270306581,37.13596567637614,0.30293090564042924,852.3327915313214
4473.871903591651,62.605633184712616,0.3252951340230311,2227.922844191407
2949.7247929980545,0.28964372438508135,0.7126213330985128,1387.695478331844
4578.208907576365,55.763040371385664,0.816779466505636,2388.4794927014673
4199.42102378926,31.994370939722167,0.18161396775660266,2178.2410837339085
2700.8540178769335,71.47775981493758,0.3709410081577652,1273.1322449458974
1089.8772332804697,8.369157584081893,0.90194019674915,682.2469222872757
2074.7094375397846,52.93820402535515,0.8066935196947392,1165.0428998465932
3166.536858643468,43.28756008975114,0.9848584027624758,1605.4540769047396
3533.9128793045893,57.80929733147047,0.7542482596820808,1786.5535101821606
2031.5507417328092,5.836823503467151,0.39319520102792227,1072.3878321987916
1557.4242962912965,52.198540868531815,0.5906378339946378,703.0406130771282
4339.720947197196,50.533612916357136,0.6610142542473203,2183.0364455237022
4937.608722814209,50.459408497455385,0.07845581631712395,2263.6657342273093
3102.760729210743,54.31388999368093,0.5444969591038651,1649.9431568503117
1686.717143393214,60.8821143503726,0.7093208284726096,699.4566044053427
2089.2293060774755,72.44900997126928,0.16732130400106038,1209.4631700062916
1073.562706189867,24.283864811539292,0.7806317174255571,508.70417983233887
4657.195226241996,74.25444691620558,0.5837727805141116,2322.3401815891734
1471.0043315605644,44.843011403710825,0.9522217856975946,681.7925996311436
3306.0659020570142,6.935245122089805,0.042422298206891695,1625.6203548905382
2096.220882748824,5.2695836319581275,0.26532613755546697,1191.044025229363
3216.7120100631737,30.081448682645473,0.6015538792998241,1365.6515845025383
3605.6815534074567,70.64072794003208,0.2965599122059307,1944.6951168917742
4318.967214828806,63.69128412668242,0.7144241640712422,2206.0956547663177
1825.6850870424128,70.97534682051658,0.759005282521931,806.4113486278404
1043.983314633922,46.55421507974484,0.10251596406647445,423.7815126243928
1547.542520275229,39.61790981599415,0.5138544642067677,949.3855302680543
4600.07456739242,13.270727403565555,0.5088905555910559,2208.191630238209
4495.560310250061,29.53734782483804,0.36928077021554107,2138.3895017074233
3389.6524086812333,39.061742955648775,0.9329248625696721,1816.4632996544763
3402.0674417346136,7.974038671165551,0.8275063198732212,1736.5665668621186
3660.1466981850217,19.855075744009014,0.6972093819096368,1740.3215275258638
1701.4851144937984,53.840276465736494,0.7143266357349976,883.244542744082
4657.647783699839,66.20968028152708,0.4617161438131191,2239.5367311565788
2675.0820995682925,89.85127602536546,0.9209945210965759,1465.6855442835895
2532.55411299799,83.98019982092019,0.6945954272532854,1389.2796524932178
3075.6708211313503,57.83086795816724,0.7289810616558164,1602.6751021456687
1187.8638671002202,37.91232479646648,0.8616909037873453,637.7666737244837
1665.1334750243177,57.255962823740944,0.274071589342191,1020.1641497225787
3952.134465705482,70.70864562722087,0.807070903866703,1990.2583018073944
1331.1946717005058,10.65025718310486,0.19524060295649204,549.5594988050894
3412.608437865553,36.891440072665944,0.34534195224488784,1758.6644324257647
1981.3964387252838,75.58220570720555,0.3356104542698427,1214.4529265032213
2557.182456167906,34.54496567397396,0.9785254683891406,1184.1221244470016
2154.7749470827994,51.46850441044679,0.8565372237479268,1051.6205514764654
2422.6908658597968,52.89924247759784,0.7011698615902597,1263.6400022217224
3876.183620736982,16.602862782027543,0.7270567616153901,1936.0946037004842
2188.4868624927003,32.601189748705956,0.5620727944025711,1002.5895184378002
3265.618561187589,30.106015986773894,0.9470906671085191,1751.1109784809073
2904.2016087963984,2.3577037678858312,0.49625875288236154,1684.6260432287904
3654.6846614505926,2.177258750221972,0.3805177098698945,1847.4289801487184
4747.318957299032,74.85273393081961,0.163035336931591,2298.2394999957733
3930.288388841001,24.576372897553117,0.786205652261058,1815.2420370598898
1859.761514363027,46.62708896149339,0.7344439320755914,965.0772174891378
1124.7325402451388,26.885301622989573,0.3843550385241349,678.1695002826455
2049.0561771993002,84.66113206038065,0.02519341395922936,1088.9796090026603
3380.311722801019,23.336708297919635,0.8389973277180107,1694.66671870098
1205.7032539370014,38.66911314650416,0.011417983454073632,551.6594262172163
2985.4649888049453,78.54572254361416,0.703699779629051,1399.2956456173492
3387.371395667557,75.77402101126278,0.970257109726057,1792.4126603794916
2336.9755632678434,16.749127606164958,0.43766132814820347,1263.2585354265282
4083.6488149832876,72.23789788161393,0.23497340499595276,1901.7225057393928
1426.393012535087,41.23681980641034,0.7048710100433817,880.4982551478984
1300.551126943235,43.46719848768197,0.8171281420155851,716.4578380727555
3912.7550248144134,12.013197517434941,0.5464303160778473,2098.794259456881
2981.965264824794,7.254136238141219,0.9670352752561462,1358.317388339039
3753.609585710944,65.51453762763887,0.0516687216579611,1753.3304517116217
2739.309354414985,44.68150371197698,0.5047955983045281,1363.7445265329886
1985.6081329564272,39.31656323536616,0.7184539473225501,1051.0176672095386
4276.409270696799,65.65574057871571,0.862640471149179,2331.0581298039538
4197.663515875916,68.89616090919988,0.17925561190779005,2183.236807062502
3778.785883417707,14.30173509024182,0.8000034817636814,1868.0651613938746
2088.580548919851,54.92026345298772,0.5527070757185453,952.6926770915057
3360.9226674763486,12.181867404991698,0.3965536819899632,1805.9374198592866
2443.8955877601074,67.62375774261412,0.13171502857909356,1139.0151743563629
1366.3282933065366,59.125964064042556,0.8652957589089124,857.9227245191998
4669.2543018489705,86.09531589751121,0.15727320817971535,2323.4234764641546
1547.2745236758456,6.206221472077907,0.30978785920909924,933.9676921800442
4800.94941528321,5.134924903612888,0.2900455319624369,2469.4238261814517
2784.023091831823,25.396836722388013,0.8714140341908543,1383.4785057195622
